content,entity,salience,sentiment_score,sentiment_magnitude
b'Every #VOTE,OTHER,0.48006075620651245,0.5,0.5
mail,OTHER,0.13813795149326324,0.0,0.0
ballot,OTHER,0.13813795149326324,0.0,0.0
hands,OTHER,0.06548555940389633,0.0,0.0
distance,OTHER,0.06548555940389633,0.0,0.0
mask,OTHER,0.05323329567909241,0.0,0.0
VoteBlue2020 @JoeBiden https://t.co/ApMg7F933I,OTHER,0.030927499756217003,0.0,0.0
plan,OTHER,0.028531428426504135,0.0,0.0
karma,OTHER,0.25346705317497253,-0.20000000298023224,0.20000000298023224
TrumpCovid #TrumpCovid19,CONSUMER_GOOD,0.20574311912059784,0.0,0.0
b'Karma.\n\n#COVID19,OTHER,0.18209035694599152,0.0,0.0
KarmaForTrump #karmaisabitch,LOCATION,0.15648220479488373,0.0,0.0
#votehimout,OTHER,0.10040517151355743,0.0,0.0
Friends https://t.co/0x7XSWihhx,OTHER,0.06243367865681648,0.0,0.0
#BidenHarris2020 #Biden2020 #wearamask,OTHER,0.039378441870212555,0.0,0.0
@GeorgeTakei,OTHER,0.6894205212593079,0.20000000298023224,0.20000000298023224
healthcare,OTHER,0.11133866757154465,0.4000000059604645,0.4000000059604645
COVID19 #Vote \n#BidenHarris2020 \n#Trump https://t.co/IlOX5k65WR,OTHER,0.1052294597029686,0.10000000149011612,0.10000000149011612
\x9f\x98\xb7 \xf0\x9f\xa6\xa0 \xf0\x9f\x8f\xa5 \n#,OTHER,0.09401136636734009,0.20000000298023224,0.20000000298023224
b'RT @katgordon,OTHER,0.4043370485305786,-0.10000000149011612,0.10000000149011612
cycle,OTHER,0.18681299686431885,-0.20000000298023224,0.20000000298023224
Womxn,OTHER,0.16688048839569092,0.0,0.0
nightmare,OTHER,0.13478118181228638,-0.8999999761581421,0.8999999761581421
end,OTHER,0.06058669835329056,-0.30000001192092896,0.30000001192092896
#vote,OTHER,0.04660159349441528,0.0,0.0
b'Trump,PERSON,0.9404977560043335,-0.10000000149011612,0.20000000298023224
BidenHarris @JoeBiden @realDonaldTrump https://t.co/ZRcnszDRbr,PERSON,0.0412299782037735,0.0,0.0
VoteHimOut #BidenHarrisLandslide,PERSON,0.018272249028086662,0.0,0.0
email,OTHER,0.3402690291404724,0.0,0.0
nSend,OTHER,0.17883460223674774,0.0,0.0
@ 7pm.,OTHER,0.17883460223674774,0.0,0.0
nTuesday,EVENT,0.17674222588539124,0.0,0.0
Zoom link.\n\n#trcconnect #trcexperience,OTHER,0.12531957030296326,0.0,0.0
n@BLACKPINK\n,OTHER,0.26807892322540283,-0.10000000149011612,0.30000001192092896
b'We,PERSON,0.17411847412586212,-0.699999988079071,0.699999988079071
nPlease,OTHER,0.17411847412586212,-0.30000001192092896,0.30000001192092896
page,OTHER,0.11516619473695755,-0.10000000149011612,0.10000000149011612
rt,LOCATION,0.11516619473695755,0.0,0.0
\n@taylorswift13\n,OTHER,0.06732375919818878,-0.10000000149011612,0.10000000149011612
nVOTE FOR,OTHER,0.047591403126716614,0.0,0.0
\x9f\x91\x87\n#VOTE,OTHER,0.023593777790665627,0.0,0.0
#PCAs,OTHER,0.014842811040580273,0.0,0.0
"#Ballina, Co",OTHER,0.28129467368125916,0.0,0.0
b'Great,ORGANIZATION,0.24952223896980286,0.10000000149011612,0.10000000149011612
voter registration,OTHER,0.08056998252868652,0.0,0.0
Mayo,PERSON,0.07610436528921127,0.0,0.0
volunteers,PERSON,0.05513637885451317,0.8999999761581421,0.8999999761581421
voter assistance,OTHER,0.05474046245217323,-0.10000000149011612,0.10000000149011612
ballot requests,OTHER,0.05474046245217323,0.0,0.0
Thanks,OTHER,0.05447205528616905,0.8999999761581421,0.8999999761581421
deadlines,OTHER,0.03805400803685188,0.20000000298023224,0.20000000298023224
Heffernans Cafe on Market Square,LOCATION,0.03278440237045288,0.8999999761581421,0.8999999761581421
nhttps://t.co/0Na7BIhh8K \nState,OTHER,0.02258095145225525,0.20000000298023224,0.20000000298023224
b'RT @SecretaryHobbs,OTHER,0.35785365104675293,0.0,0.0
deadline,OTHER,0.28552284836769104,0.0,0.0
\x80\xa6,OTHER,0.19188325107097626,0.20000000298023224,0.5
General Election,EVENT,0.10421387851238251,0.0,0.0
https://t.co/fUw8UPtvzK,OTHER,0.060526374727487564,0.6000000238418579,0.6000000238418579
b'RT @BenSimmons25,OTHER,0.5251026749610901,0.10000000149011612,0.10000000149011612
@JoeBiden,OTHER,0.21672362089157104,0.6000000238418579,0.6000000238418579
@KamalaHarris,PERSON,0.18407315015792847,0.6000000238418579,0.6000000238418579
count,OTHER,0.03812054544687271,0.20000000298023224,0.20000000298023224
\x9f\x98\xa4 https://t.co/4TsS47OyuC,OTHER,0.03598000109195709,0.20000000298023224,0.20000000298023224
b'RT @MaryLTrump,OTHER,0.4229132831096649,0.0,0.0
profit,OTHER,0.2963619530200958,-0.10000000149011612,0.10000000149011612
death,EVENT,0.19237211346626282,-0.10000000149011612,0.10000000149011612
fact,OTHER,0.06070474907755852,-0.30000001192092896,0.30000001192092896
\x80\xa6,OTHER,0.027647892013192177,-0.20000000298023224,0.20000000298023224
b'It\,OTHER,0.5602200031280518,0.0,0.0
\x80\x99s His Land,OTHER,0.15458735823631287,0.0,0.0
Company,ORGANIZATION,0.0863109603524208,0.0,0.0
\n\n#VOTE,OTHER,0.07372157275676727,-0.10000000149011612,0.10000000149011612
Canadian,LOCATION,0.05150537192821503,0.0,0.0
VoteReady \n\nhttps://t.co/RxqBBwnOOM,OTHER,0.031001834198832512,0.10000000149011612,0.10000000149011612
assholes,OTHER,0.026782505214214325,-0.800000011920929,0.800000011920929
@GOP,OTHER,0.015870410948991776,-0.8999999761581421,0.8999999761581421
b,OTHER,0.7264164686203003,0.0,0.0
SaturdayThoughts #SuperSpreader #antimaskers,PERSON,0.160118967294693,0.0,0.0
RecklessEndangerment #COVID #VOTE,OTHER,0.11346457153558731,0.0,0.0
Texas\n\n#fliptexasblue \n#VoteEarly \n#VoteHimOut \n#VOTE @mjhegar https://t.co/PmhqftKjFa,OTHER,1.0,0.0,0.0
b'RT @trish_zornio,OTHER,0.5598559975624084,0.0,0.10000000149011612
Republicans,PERSON,0.35285717248916626,0.0,0.0
\x80\x99t,CONSUMER_GOOD,0.07050468027591705,0.10000000149011612,0.10000000149011612
SuperSpreader #VOTE,OTHER,0.016782142221927643,0.0,0.0
b'RT @DrDenaGrayson,OTHER,0.5385298728942871,-0.20000000298023224,0.5
The Trump WH,ORGANIZATION,0.16359230875968933,-0.699999988079071,0.699999988079071
communication,OTHER,0.09256813675165176,-0.6000000238418579,0.6000000238418579
\x80\x99ve,OTHER,0.05976957082748413,-0.10000000149011612,0.10000000149011612
HIM,OTHER,0.05958515778183937,-0.20000000298023224,0.20000000298023224
#coronavirus.\n\nVOTE,OTHER,0.03588460013270378,-0.20000000298023224,0.20000000298023224
\x9f\xa4\xac\n\n#TrumpVirus,OTHER,0.030903443694114685,-0.20000000298023224,0.20000000298023224
Typ\xe2\x80\xa6,OTHER,0.01916692592203617,-0.20000000298023224,0.20000000298023224
b'RT @LVNancy,OTHER,0.28425857424736023,0.0,0.0
@RealSteveCox,PERSON,0.12900477647781372,0.0,0.0
@pinkk9lover,PERSON,0.11386722326278687,0.0,0.0
@AppSame @KaraMar111,OTHER,0.07863447815179825,0.0,0.0
@JoanneWT09,OTHER,0.07863447815179825,0.0,0.0
@AZKAYTE,OTHER,0.07863447815179825,0.0,0.0
@ROCKONOHIO,OTHER,0.07769574224948883,0.0,0.0
@gr8tjude_08,OTHER,0.07228853553533554,0.0,0.0
M\xe2\x80\xa6,OTHER,0.03851821646094322,0.0,0.0
@1911_goz,OTHER,0.02423175424337387,0.0,0.0
@Real_G2DAZ @VFL2013,OTHER,0.02423175424337387,0.0,0.0
tool,OTHER,0.45184072852134705,0.800000011920929,0.800000011920929
right,OTHER,0.11054278165102005,0.0,0.0
equality,OTHER,0.10924089699983597,0.10000000149011612,0.10000000149011612
reality,OTHER,0.10924089699983597,0.10000000149011612,0.10000000149011612
ballot,OTHER,0.09758485853672028,0.0,0.0
#SocialJustice,OTHER,0.09616053104400635,0.0,0.0
\n\n #WeCanDoBetter #SpreadTheWord #VOTE https://t.co/XzWzpHhfCr,OTHER,0.025389311835169792,0.0,0.0
b'RT @MaryLTrump,OTHER,0.6581838726997375,-0.20000000298023224,1.0
sympathy,OTHER,0.11824885755777359,0.10000000149011612,0.10000000149011612
empathy,OTHER,0.11824885755777359,-0.10000000149011612,0.10000000149011612
despair,OTHER,0.08119165152311325,-0.699999988079071,0.699999988079071
li\xe2\x80\xa6,OTHER,0.02412676066160202,-0.20000000298023224,0.20000000298023224
b'RT @MaryLTrump,OTHER,0.6581838726997375,-0.20000000298023224,1.0
sympathy,OTHER,0.11824885755777359,0.10000000149011612,0.10000000149011612
empathy,OTHER,0.11824885755777359,-0.10000000149011612,0.10000000149011612
despair,OTHER,0.08119165152311325,-0.699999988079071,0.699999988079071
li\xe2\x80\xa6,OTHER,0.02412676066160202,-0.20000000298023224,0.20000000298023224
@luis21428816,OTHER,0.4359787106513977,0.0,0.0
List,OTHER,0.20049870014190674,0.10000000149011612,0.10000000149011612
team,ORGANIZATION,0.15845465660095215,0.20000000298023224,0.20000000298023224
\x80\x99s,OTHER,0.12092047184705734,0.20000000298023224,0.20000000298023224
diffrence,OTHER,0.055246759206056595,0.0,0.0
https://t.co/NJtPLWAdHE,OTHER,0.028900686651468277,0.0,0.0
@RepMattGaetz,OTHER,0.2905604839324951,0.0,0.0
tools,OTHER,0.19057339429855347,0.8999999761581421,0.8999999761581421
home,LOCATION,0.12376656383275986,0.0,0.0
NONE,OTHER,0.0942142903804779,-0.6000000238418579,0.6000000238418579
nWash hands.,OTHER,0.08091224730014801,0.0,0.0
nMask up.,OTHER,0.08091224730014801,0.0,0.0
nSocial distance.\nStay,OTHER,0.0743977427482605,0.0,0.0
these.\n\n#VOTE,OTHER,0.039685435593128204,-0.10000000149011612,0.10000000149011612
nTrump,OTHER,0.024977603927254677,0.0,0.0
lead,OTHER,0.3577275276184082,0.0,0.0
fear tactic,OTHER,0.22394102811813354,0.0,0.0
case,OTHER,0.14345934987068176,0.0,0.0
\x80\x99s,OTHER,0.09254162758588791,0.0,0.0
joke,OTHER,0.07700862735509872,-0.20000000298023224,0.20000000298023224
#prezi,OTHER,0.04587817192077637,0.0,0.0
deletion,OTHER,0.030581781640648842,-0.10000000149011612,0.10000000149011612
#orangeguy #digibread,OTHER,0.028861891478300095,-0.10000000149011612,0.10000000149011612
b'Don\,ORGANIZATION,0.5868672132492065,0.0,0.0
\x80\x99t,OTHER,0.20053592324256897,-0.30000001192092896,0.30000001192092896
MelaniaTapes #TrumpHasCovid,OTHER,0.08351954072713852,0.0,0.0
VoteBlue2020 #TrumpTaxReturns,OTHER,0.06327774375677109,0.0,0.0
TrumpVirusKARMA https://t.co/UtLsDppVf3,OTHER,0.03329255431890488,0.0,0.0
TrumpVirus #,OTHER,0.0325070396065712,0.0,0.0
RT @adjunctprofesor,OTHER,0.2912988066673279,0.0,0.0
flags,OTHER,0.19326965510845184,0.0,0.0
interstate,OTHER,0.13316702842712402,0.0,0.0
nSaturday,OTHER,0.08111784607172012,0.0,0.0
nIt,ORGANIZATION,0.08015189319849014,0.0,0.0
\nFor,PERSON,0.07458679378032684,0.0,0.0
nSee,OTHER,0.056539542973041534,0.0,0.0
\x80\xa6,OTHER,0.03978627920150757,0.10000000149011612,0.10000000149011612
@POTUS,OTHER,0.02504107356071472,0.0,0.0
@FLOTUS,OTHER,0.02504107356071472,0.0,0.0
b'RT @MaryLTrump,OTHER,0.6581838726997375,-0.20000000298023224,1.0
sympathy,OTHER,0.11824885755777359,0.10000000149011612,0.10000000149011612
empathy,OTHER,0.11824885755777359,-0.10000000149011612,0.10000000149011612
despair,OTHER,0.08119165152311325,-0.699999988079071,0.699999988079071
li\xe2\x80\xa6,OTHER,0.02412676066160202,-0.20000000298023224,0.20000000298023224
deadline,OTHER,0.741625964641571,0.0,0.0
General Election,EVENT,0.1337174028158188,0.0,0.0
https://t.co/fUw8UPtvzK,OTHER,0.08974319696426392,0.699999988079071,0.699999988079071
information,OTHER,0.03491343930363655,0.10000000149011612,0.10000000149011612
b,OTHER,0.3157220184803009,0.0,0.0
Vote Dump Trump,PERSON,0.218985915184021,-0.10000000149011612,0.10000000149011612
Galatians 6,PERSON,0.1517777293920517,-0.10000000149011612,0.30000001192092896
COVID-19,LOCATION,0.07592841237783432,-0.10000000149011612,0.10000000149011612
Prayers,OTHER,0.03881813585758209,0.0,0.0
Flip His Big Azz a Few Times,OTHER,0.03682306036353111,0.0,0.0
Pain &amp,OTHER,0.0333496630191803,-0.10000000149011612,0.10000000149011612
Anguish,OTHER,0.029323194175958633,-0.10000000149011612,0.10000000149011612
Others,PERSON,0.028967246413230896,-0.20000000298023224,0.20000000298023224
I Pray for His Big Azz Daily,OTHER,0.023037269711494446,-0.20000000298023224,0.20000000298023224
TrumpLiesPeopleDie https://t.co/yjFlmDhkhh https://t.co/43qvsB7xyP,OTHER,0.013812889344990253,0.0,0.0
Deaths,EVENT,0.012908698990941048,-0.20000000298023224,0.20000000298023224
All,OTHER,0.012908698990941048,0.0,0.0
Us,LOCATION,0.00763706536963582,-0.10000000149011612,0.10000000149011612
b'RT @trish_zornio,OTHER,0.5598559975624084,0.0,0.10000000149011612
Republicans,PERSON,0.35285717248916626,0.0,0.0
\x80\x99t,CONSUMER_GOOD,0.07050468027591705,0.10000000149011612,0.10000000149011612
SuperSpreader #VOTE,OTHER,0.016782142221927643,0.0,0.0
b'RT @TheBosha,OTHER,0.2894904613494873,0.0,0.0
Justice,OTHER,0.19471371173858643,0.0,0.0
man,PERSON,0.13687333464622498,0.0,0.0
world,LOCATION,0.13530389964580536,0.0,0.0
researchers,PERSON,0.12623456120491028,0.10000000149011612,0.10000000149011612
Cornell University,ORGANIZATION,0.07641758769750595,0.0,0.0
\x80\x98single lar\xe2\x80\xa6,OTHER,0.040966443717479706,0.10000000149011612,0.10000000149011612
ballots,OTHER,0.5321888327598572,0.0,0.0
b'Mail,PERSON,0.34790197014808655,0.20000000298023224,0.20000000298023224
#bidenharris2020,PERSON,0.04570230841636658,0.0,0.0
Florida,LOCATION,0.03459935262799263,0.0,0.0
https://t.co/StkG7QU0lx,OTHER,0.02431808039546013,0.0,0.0
@ Merritt Island,OTHER,0.015289455652236938,0.0,0.0
b'RT @ArianaDMichaels,PERSON,0.311492919921875,0.10000000149011612,0.10000000149011612
nNow,OTHER,0.27951109409332275,0.0,0.10000000149011612
no one,PERSON,0.14870035648345947,0.0,0.0
each,OTHER,0.10417889058589935,0.0,0.0
names,OTHER,0.09602229297161102,0.0,0.0
same,OTHER,0.04509818181395531,0.0,0.0
\x80\xa6,OTHER,0.014996279962360859,0.0,0.0
situation,OTHER,0.7876806259155273,-0.699999988079071,0.699999988079071
TrumpLiesPeopleDie #SuperSpreaderEvent #VOTE https://t.co/TxUozq07CR,WORK_OF_ART,0.21231935918331146,0.0,0.0
@GwenGraham,OTHER,0.7316496968269348,-0.4000000059604645,0.4000000059604645
\n#VOTE,OTHER,0.2683503031730652,-0.20000000298023224,0.20000000298023224
b'RT @PerkinsforLA,OTHER,0.5855264663696289,0.0,0.0
message,OTHER,0.2767901122570038,0.30000001192092896,0.30000001192092896
\x80\xa6,OTHER,0.08439397811889648,0.10000000149011612,0.10000000149011612
Washington: Put People Before Politics.\n\nTo,ORGANIZATION,0.05328942462801933,0.10000000149011612,0.10000000149011612
@ChadPergram #TrumpKnew,OTHER,0.24051156640052795,0.0,0.0
Covid-19,OTHER,0.22183482348918915,0.0,0.0
&amp,OTHER,0.14868497848510742,0.0,0.10000000149011612
#Vote https://t.co/pRJBMTIVqx,OTHER,0.06671291589736938,-0.30000001192092896,0.6000000238418579
fundraisers,EVENT,0.04816081002354622,-0.10000000149011612,0.10000000149011612
virus,OTHER,0.04477124288678169,-0.800000011920929,0.800000011920929
normality,OTHER,0.04477124288678169,-0.20000000298023224,0.20000000298023224
impression,OTHER,0.04061587527394295,-0.20000000298023224,0.20000000298023224
camp,LOCATION,0.033541489392519,-0.10000000149011612,0.10000000149011612
AF1,ORGANIZATION,0.028953198343515396,-0.10000000149011612,0.10000000149011612
ppl,ORGANIZATION,0.028953198343515396,-0.20000000298023224,0.20000000298023224
#MAGA2020,OTHER,0.023831738159060478,-0.4000000059604645,0.4000000059604645
Biden,PERSON,0.019887063652276993,-0.20000000298023224,0.20000000298023224
Mon,PERSON,0.008769864216446877,0.4000000059604645,0.4000000059604645
RT @FlakPhoto: #Photographers,WORK_OF_ART,0.44793665409088135,0.0,0.0
#VOTE,OTHER,0.24247901141643524,0.10000000149011612,0.10000000149011612
storytelling campaign,EVENT,0.20842145383358002,0.10000000149011612,0.10000000149011612
details,OTHER,0.0714695006608963,-0.20000000298023224,0.20000000298023224
\x80\xa6,OTHER,0.029693368822336197,0.0,0.0
b'RT @DrDenaGrayson,OTHER,0.3941689133644104,0.0,0.0
senators,PERSON,0.2124372273683548,0.0,0.0
Senate,ORGANIZATION,0.18591758608818054,0.0,0.0
@GOP,OTHER,0.11478958278894424,0.0,0.0
\x80\xa6,OTHER,0.056812942028045654,0.0,0.0
#coronavirus.\n\nBut,OTHER,0.03587375581264496,0.10000000149011612,0.10000000149011612
reactions,OTHER,0.28252336382865906,-0.5,0.5
election,EVENT,0.2733059525489807,0.0,0.0
\nEmotionally,PERSON,0.20465236902236938,-0.4000000059604645,0.4000000059604645
"RT @LopezLovinLife: Stay Focused,\n\nThere",WORK_OF_ART,0.16838596761226654,-0.10000000149011612,0.10000000149011612
Vote \n\n#BidenHarris2020 ht\xe2\x80\xa6,OTHER,0.0711323544383049,-0.10000000149011612,0.10000000149011612
@esaagar #TrumpKnew,OTHER,0.24051156640052795,0.0,0.0
Covid-19,OTHER,0.22183482348918915,0.0,0.0
&amp,OTHER,0.14868497848510742,0.0,0.10000000149011612
#Vote https://t.co/pRJBMTIVqx,OTHER,0.06671291589736938,-0.30000001192092896,0.6000000238418579
fundraisers,EVENT,0.04816081002354622,-0.10000000149011612,0.10000000149011612
virus,OTHER,0.04477124288678169,-0.800000011920929,0.800000011920929
normality,OTHER,0.04477124288678169,-0.20000000298023224,0.20000000298023224
impression,OTHER,0.04061587527394295,-0.20000000298023224,0.20000000298023224
camp,LOCATION,0.033541489392519,-0.10000000149011612,0.10000000149011612
AF1,ORGANIZATION,0.028953198343515396,-0.10000000149011612,0.10000000149011612
ppl,ORGANIZATION,0.028953198343515396,-0.20000000298023224,0.20000000298023224
#MAGA2020,OTHER,0.023831738159060478,-0.4000000059604645,0.4000000059604645
Biden,PERSON,0.019887063652276993,-0.20000000298023224,0.20000000298023224
Mon,PERSON,0.008769864216446877,0.4000000059604645,0.4000000059604645
b'RT @MaryLTrump,OTHER,0.6581838726997375,-0.20000000298023224,1.0
sympathy,OTHER,0.11824885755777359,0.10000000149011612,0.10000000149011612
empathy,OTHER,0.11824885755777359,-0.10000000149011612,0.10000000149011612
despair,OTHER,0.08119165152311325,-0.699999988079071,0.699999988079071
li\xe2\x80\xa6,OTHER,0.02412676066160202,-0.20000000298023224,0.20000000298023224
essay,WORK_OF_ART,0.294868141412735,0.0,0.0
parents,PERSON,0.24870914220809937,0.0,0.0
\n\nLink,OTHER,0.14611047506332397,0.0,0.0
dinner conversation,EVENT,0.13837440311908722,0.0,0.0
#thebigsmoke https://t.co/dNMwfqLuwF,OTHER,0.08583665639162064,0.0,0.10000000149011612
@the.,OTHER,0.042251624166965485,0.0,0.0
politics,OTHER,0.0251983180642128,0.0,0.0
bio.\n\n#,OTHER,0.018651243299245834,0.0,0.0
RT @NSLforBiden,OTHER,0.5854713320732117,0.0,0.0
Election Day,EVENT,0.16238285601139069,0.0,0.0
VOTE\n\nRT,OTHER,0.10199013352394104,0.0,0.0
Joe Biden,PERSON,0.05557617172598839,0.0,0.0
Kamala Harris,PERSON,0.05557617172598839,0.0,0.0
\x80\xa6,OTHER,0.03900334611535072,0.20000000298023224,0.20000000298023224
b'RT @mixcom,OTHER,0.5307424068450928,-0.20000000298023224,0.20000000298023224
Trump,PERSON,0.17956404387950897,-0.800000011920929,0.800000011920929
others,PERSON,0.14107945561408997,-0.10000000149011612,0.10000000149011612
Covid,PERSON,0.0684346854686737,0.0,0.0
others,PERSON,0.043812982738018036,0.0,0.0
\x80\xa6,OTHER,0.03636643663048744,0.0,0.0
b,OTHER,0.7229015231132507,0.0,0.0
#vote,OTHER,0.27709847688674927,0.0,0.0
@StevePasquale #TrumpKnew,OTHER,0.24051156640052795,0.0,0.0
Covid-19,OTHER,0.22183482348918915,0.0,0.0
&amp,OTHER,0.14868497848510742,0.0,0.10000000149011612
#Vote https://t.co/pRJBMTIVqx,OTHER,0.06671291589736938,-0.30000001192092896,0.6000000238418579
fundraisers,EVENT,0.04816081002354622,-0.10000000149011612,0.10000000149011612
virus,OTHER,0.04477124288678169,-0.800000011920929,0.800000011920929
normality,OTHER,0.04477124288678169,-0.20000000298023224,0.20000000298023224
impression,OTHER,0.04061587527394295,-0.20000000298023224,0.20000000298023224
camp,LOCATION,0.033541489392519,-0.10000000149011612,0.10000000149011612
AF1,ORGANIZATION,0.028953198343515396,-0.10000000149011612,0.10000000149011612
ppl,ORGANIZATION,0.028953198343515396,-0.20000000298023224,0.20000000298023224
#MAGA2020,OTHER,0.023831738159060478,-0.4000000059604645,0.4000000059604645
Biden,PERSON,0.019887063652276993,-0.20000000298023224,0.20000000298023224
Mon,PERSON,0.008769864216446877,0.4000000059604645,0.4000000059604645
things,OTHER,0.24452660977840424,-0.20000000298023224,0.4000000059604645
thinking,OTHER,0.18030419945716858,0.0,0.10000000149011612
Wisconsin,LOCATION,0.15089772641658783,0.0,0.0
b'So,ORGANIZATION,0.15089772641658783,0.0,0.0
everyone,PERSON,0.09866923093795776,0.0,0.0
bickering,OTHER,0.06738781929016113,-0.30000001192092896,0.30000001192092896
future,OTHER,0.04752829670906067,0.5,0.5
\x80,OTHER,0.03742334619164467,0.0,0.0
VoteHimOut #VoteBidenHarris2020,PERSON,0.01280457153916359,0.0,0.0
VoteBlue2020 https://t.co/veSgsmUDc8,OTHER,0.009560479782521725,0.0,0.0
b'RT @LVNancy,OTHER,0.28425857424736023,0.0,0.0
@RealSteveCox,PERSON,0.12900477647781372,0.0,0.0
@pinkk9lover,PERSON,0.11386722326278687,0.0,0.0
@AppSame @KaraMar111,OTHER,0.07863447815179825,0.0,0.0
@JoanneWT09,OTHER,0.07863447815179825,0.0,0.0
@AZKAYTE,OTHER,0.07863447815179825,0.0,0.0
@ROCKONOHIO,OTHER,0.07769574224948883,0.0,0.0
@gr8tjude_08,OTHER,0.07228853553533554,0.0,0.0
M\xe2\x80\xa6,OTHER,0.03851821646094322,0.0,0.0
@1911_goz,OTHER,0.02423175424337387,0.0,0.0
@Real_G2DAZ @VFL2013,OTHER,0.02423175424337387,0.0,0.0
b'RT @RyanForEQUALITY,OTHER,0.5372856855392456,0.0,0.0
\x9f\x87\xba,OTHER,0.12030771374702454,0.10000000149011612,0.10000000149011612
\x9f\x87\xb8\xf0\x9f\x87\xba,OTHER,0.082704558968544,0.10000000149011612,0.10000000149011612
\x9f\x87\xb8\n#VoteBlue #VoteHimOut,OTHER,0.07596796751022339,0.10000000149011612,0.10000000149011612
@KamalaHarris \n\nAs,OTHER,0.06290200352668762,0.5,0.5
\x80\xa6,OTHER,0.03542732447385788,0.10000000149011612,0.10000000149011612
n@RepDarrenSoto \n@Lin,ORGANIZATION,0.03542732447385788,0.10000000149011612,0.10000000149011612
@JoeBiden,OTHER,0.027738459408283234,0.0,0.0
xef\xbf\xbc\nProud,OTHER,0.02223897911608219,0.0,0.0
batch,OTHER,0.40572258830070496,0.0,0.0
cards,OTHER,0.1870357245206833,0.0,0.0
#vote,OTHER,0.055892255157232285,0.0,0.0
country,LOCATION,0.055618252605199814,-0.10000000149011612,0.10000000149011612
news events,EVENT,0.05521887540817261,0.0,0.0
way,OTHER,0.05109104514122009,-0.4000000059604645,0.4000000059604645
cards,OTHER,0.04391463100910187,0.0,0.0
need,OTHER,0.04278796911239624,0.0,0.0
\nTotal,OTHER,0.032479193061590195,-0.20000000298023224,0.4000000059604645
organizations,ORGANIZATION,0.027114100754261017,-0.10000000149011612,0.10000000149011612
campaigns,EVENT,0.027114100754261017,-0.30000001192092896,0.30000001192092896
https://t.co/jYQab2Izxe,OTHER,0.01601126790046692,0.0,0.0
President,PERSON,0.34314408898353577,0.0,0.0
b'RT @danhomick,OTHER,0.23323145508766174,0.0,0.0
\x9f\xa6\xa0,OTHER,0.07590309530496597,0.0,0.0
United States,LOCATION,0.06415743380784988,0.0,0.0
\x9f\xa4\xa1,OTHER,0.06415743380784988,0.0,0.0
White House,ORGANIZATION,0.058969613164663315,0.0,0.0
The Party,ORGANIZATION,0.04465449973940849,0.0,0.0
enablers,OTHER,0.033256109803915024,0.0,0.0
\n#Vo\xe2,OTHER,0.03139248862862587,0.0,0.0
\x80\xa6,OTHER,0.03139248862862587,0.0,0.0
Congressional \xf0\x9f\x90,OTHER,0.019741294905543327,0.0,0.0
\x80\xa6,OTHER,0.5845880508422852,0.0,0.20000000298023224
b'RT @JohnBarrowman,OTHER,0.21071857213974,0.0,0.0
@JoeBiden,OTHER,0.058291103690862656,0.10000000149011612,0.10000000149011612
@POTUS,OTHER,0.05759522318840027,0.0,0.0
infec\xe2,OTHER,0.0405978299677372,0.10000000149011612,0.10000000149011612
playbook,OTHER,0.0302464310079813,0.10000000149011612,0.10000000149011612
Putin,PERSON,0.017962804064154625,0.0,0.0
b'RT @gregtannen,OTHER,0.44651222229003906,0.0,0.10000000149011612
President,PERSON,0.23092037439346313,0.0,0.0
leadership,OTHER,0.06876294314861298,0.0,0.0
person,PERSON,0.06407125294208527,0.0,0.0
GOP,ORGANIZATION,0.06058502569794655,0.0,0.0
Covid,OTHER,0.04089470952749252,0.10000000149011612,0.10000000149011612
\x80\x99re,OTHER,0.038514092564582825,0.10000000149011612,0.10000000149011612
events.\n\nThey,OTHER,0.02919510379433632,0.20000000298023224,0.20000000298023224
\x80\xa6,OTHER,0.02054428681731224,0.20000000298023224,0.20000000298023224
b,OTHER,0.6897240877151489,0.0,0.0
Vote @CaptMarkKelly https://t.co/8ugboqmEst,OTHER,0.1582447737455368,0.0,0.0
Vote @SenatorSinema,PERSON,0.15203112363815308,0.0,0.0
\x80,OTHER,0.18959608674049377,0.0,0.10000000149011612
BLACKLIVESMATTER,OTHER,0.12424197047948837,0.0,0.0
b'RT @Lybio: \xf0\x9f\x87\xba,OTHER,0.12248601019382477,0.0,0.0
LIVES,OTHER,0.1142895519733429,0.20000000298023224,0.20000000298023224
WOMB,OTHER,0.1142895519733429,0.0,0.0
\x9f\x87\xb8#WakeUpAmerica,OTHER,0.10799763351678848,0.10000000149011612,0.10000000149011612
\x9f\x87\xba,OTHER,0.08346904814243317,0.10000000149011612,0.10000000149011612
\x9f\x87\xb8 @ShemekaMichelle,OTHER,0.07439567893743515,0.0,0.0
\x9f\xa4\xb0\xf0\x9f\x8f\xbf,OTHER,0.05172703042626381,0.10000000149011612,0.10000000149011612
\x80\xa6,OTHER,0.01750744879245758,0.20000000298023224,0.20000000298023224
b'RT @Wolfiesmom,OTHER,0.40237680077552795,0.10000000149011612,0.10000000149011612
piece,OTHER,0.19024686515331268,-0.800000011920929,0.800000011920929
vermin,OTHER,0.17545950412750244,-0.699999988079071,0.699999988079071
Kentucky,ORGANIZATION,0.16607142984867096,0.20000000298023224,0.20000000298023224
country,LOCATION,0.06584540009498596,0.10000000149011612,0.10000000149011612
b'RT @jbm32753,OTHER,0.3722868859767914,0.0,0.0
\x9f\x87\xba,OTHER,0.18211720883846283,0.0,0.10000000149011612
BumpUp #645\n#BidenHarris\n\n@JoeBiden,OTHER,0.15214389562606812,0.0,0.0
\x9f\x87\xb8,OTHER,0.13062047958374023,0.0,0.0
\x9d\xa4\xef,OTHER,0.07369282096624374,0.0,0.0
\x80\xa6,OTHER,0.05193040147423744,0.0,0.0
\x9f\x87\xb8\n@laurencerosenz3,OTHER,0.03720833361148834,0.0,0.0
b'RT @MaryLTrump,OTHER,0.4229132831096649,0.0,0.0
profit,OTHER,0.2963619530200958,-0.10000000149011612,0.10000000149011612
death,EVENT,0.19237211346626282,-0.10000000149011612,0.10000000149011612
fact,OTHER,0.06070474907755852,-0.30000001192092896,0.30000001192092896
\x80\xa6,OTHER,0.027647892013192177,-0.20000000298023224,0.20000000298023224
b'RT @ybarrap,OTHER,0.409660279750824,0.0,0.0
\n\nTrump,ORGANIZATION,0.22764801979064941,-0.10000000149011612,0.10000000149011612
leak,EVENT,0.1338222622871399,-0.4000000059604645,0.4000000059604645
Coneley,PERSON,0.11362095177173615,-0.5,0.5
\x80\xa6,OTHER,0.05648621544241905,-0.10000000149011612,0.10000000149011612
Fri,OTHER,0.035571739077568054,-0.20000000298023224,0.20000000298023224
Biden\nBiden,PERSON,0.023190518841147423,-0.10000000149011612,0.10000000149011612
@ktumulty #TrumpKnew,OTHER,0.24051156640052795,0.0,0.0
Covid-19,OTHER,0.22183482348918915,0.0,0.0
&amp,OTHER,0.14868497848510742,0.0,0.10000000149011612
#Vote https://t.co/pRJBMTIVqx,OTHER,0.06671291589736938,-0.30000001192092896,0.6000000238418579
fundraisers,EVENT,0.04816081002354622,-0.10000000149011612,0.10000000149011612
virus,OTHER,0.04477124288678169,-0.800000011920929,0.800000011920929
normality,OTHER,0.04477124288678169,-0.20000000298023224,0.20000000298023224
impression,OTHER,0.04061587527394295,-0.20000000298023224,0.20000000298023224
camp,LOCATION,0.033541489392519,-0.10000000149011612,0.10000000149011612
AF1,ORGANIZATION,0.028953198343515396,-0.10000000149011612,0.10000000149011612
ppl,ORGANIZATION,0.028953198343515396,-0.20000000298023224,0.20000000298023224
#MAGA2020,OTHER,0.023831738159060478,-0.4000000059604645,0.4000000059604645
Biden,PERSON,0.019887063652276993,-0.20000000298023224,0.20000000298023224
Mon,PERSON,0.008769864216446877,0.4000000059604645,0.4000000059604645
b'RT @trish_zornio,OTHER,0.5598559975624084,0.0,0.10000000149011612
Republicans,PERSON,0.35285717248916626,0.0,0.0
\x80\x99t,CONSUMER_GOOD,0.07050468027591705,0.10000000149011612,0.10000000149011612
SuperSpreader #VOTE,OTHER,0.016782142221927643,0.0,0.0
b'RT @MaryLTrump,OTHER,0.6581838726997375,-0.20000000298023224,1.0
sympathy,OTHER,0.11824885755777359,0.10000000149011612,0.10000000149011612
empathy,OTHER,0.11824885755777359,-0.10000000149011612,0.10000000149011612
despair,OTHER,0.08119165152311325,-0.699999988079071,0.699999988079071
li\xe2\x80\xa6,OTHER,0.02412676066160202,-0.20000000298023224,0.20000000298023224
\x80\x99ve,OTHER,0.35063454508781433,0.10000000149011612,1.0
b'I\,ORGANIZATION,0.25183379650115967,0.10000000149011612,0.10000000149011612
voting,EVENT,0.08150282502174377,0.0,0.0
people,PERSON,0.08150282502174377,0.0,0.0
\x80\x99re,OTHER,0.04865008220076561,0.10000000149011612,0.10000000149011612
Biden,PERSON,0.04865008220076561,0.0,0.0
choice,OTHER,0.028331223875284195,0.0,0.0
primaries,EVENT,0.024907823652029037,0.0,0.0
ability,OTHER,0.018705502152442932,0.800000011920929,0.800000011920929
hell wouldn,OTHER,0.018639717251062393,-0.5,0.5
\x9f\xa4\xab,OTHER,0.014760117046535015,0.0,0.0
human,PERSON,0.008221782743930817,0.8999999761581421,0.8999999761581421
empathy,OTHER,0.008221782743930817,0.5,0.5
\x80\x99t,OTHER,0.007729535456746817,-0.10000000149011612,0.10000000149011612
#Vote,OTHER,0.007708369754254818,0.0,0.0
@_irvingjr #TrumpKnew,OTHER,0.24051156640052795,0.0,0.0
Covid-19,OTHER,0.22183482348918915,0.0,0.0
&amp,OTHER,0.14868497848510742,0.0,0.10000000149011612
#Vote https://t.co/pRJBMTIVqx,OTHER,0.06671291589736938,-0.30000001192092896,0.6000000238418579
fundraisers,EVENT,0.04816081002354622,-0.10000000149011612,0.10000000149011612
virus,OTHER,0.04477124288678169,-0.800000011920929,0.800000011920929
normality,OTHER,0.04477124288678169,-0.20000000298023224,0.20000000298023224
impression,OTHER,0.04061587527394295,-0.20000000298023224,0.20000000298023224
camp,LOCATION,0.033541489392519,-0.10000000149011612,0.10000000149011612
AF1,ORGANIZATION,0.028953198343515396,-0.10000000149011612,0.10000000149011612
ppl,ORGANIZATION,0.028953198343515396,-0.20000000298023224,0.20000000298023224
#MAGA2020,OTHER,0.023831738159060478,-0.4000000059604645,0.4000000059604645
Biden,PERSON,0.019887063652276993,-0.20000000298023224,0.20000000298023224
Mon,PERSON,0.008769864216446877,0.4000000059604645,0.4000000059604645
President,PERSON,0.47170162200927734,-0.10000000149011612,0.20000000298023224
@TheGoodLiars,PERSON,0.16207043826580048,-0.10000000149011612,0.10000000149011612
media,OTHER,0.10752978920936584,-0.20000000298023224,0.20000000298023224
mask,OTHER,0.08428627252578735,-0.10000000149011612,0.10000000149011612
mist,OTHER,0.07496649771928787,-0.10000000149011612,0.10000000149011612
Pandemic,EVENT,0.06903520226478577,-0.10000000149011612,0.10000000149011612
VOTE #VOTE,OTHER,0.012097247876226902,0.0,0.0
nothing,OTHER,0.011604612693190575,-0.6000000238418579,0.6000000238418579
Pure Evil,ORGANIZATION,0.006708314176648855,-0.10000000149011612,0.10000000149011612
#2020election,EVENT,0.4666112959384918,0.699999988079071,1.399999976158142
values,OTHER,0.11091677844524384,0.30000001192092896,0.699999988079071
many,PERSON,0.10359499603509903,0.30000001192092896,0.699999988079071
US,LOCATION,0.09569534659385681,0.5,0.5
b'The,OTHER,0.09569534659385681,0.4000000059604645,0.4000000059604645
balance,OTHER,0.06275378912687302,0.10000000149011612,0.10000000149011612
communities,OTHER,0.039960842579603195,0.20000000298023224,0.20000000298023224
nShirt,CONSUMER_GOOD,0.008717915043234825,0.0,0.0
@murnaudenlinden,PERSON,0.006110530812293291,0.0,0.0
nhttps://t.co/bUN3YxcVbu https://t.co/XiW9DnnGZM,OTHER,0.006110530812293291,0.0,0.0
\n\n#VOTE,OTHER,0.0038326126523315907,0.0,0.0
b'RT @trish_zornio,OTHER,0.5598559975624084,0.0,0.10000000149011612
Republicans,PERSON,0.35285717248916626,0.0,0.0
\x80\x99t,CONSUMER_GOOD,0.07050468027591705,0.10000000149011612,0.10000000149011612
SuperSpreader #VOTE,OTHER,0.016782142221927643,0.0,0.0
b'RT @MaryLTrump,OTHER,0.4229132831096649,0.0,0.0
profit,OTHER,0.2963619530200958,-0.10000000149011612,0.10000000149011612
death,EVENT,0.19237211346626282,-0.10000000149011612,0.10000000149011612
fact,OTHER,0.06070474907755852,-0.30000001192092896,0.30000001192092896
\x80\xa6,OTHER,0.027647892013192177,-0.20000000298023224,0.20000000298023224
b'RT @DrDenaGrayson,OTHER,0.5385298728942871,-0.20000000298023224,0.5
The Trump WH,ORGANIZATION,0.16359230875968933,-0.699999988079071,0.699999988079071
communication,OTHER,0.09256813675165176,-0.6000000238418579,0.6000000238418579
\x80\x99ve,OTHER,0.05976957082748413,-0.10000000149011612,0.10000000149011612
HIM,OTHER,0.05958515778183937,-0.20000000298023224,0.20000000298023224
#coronavirus.\n\nVOTE,OTHER,0.03588460013270378,-0.20000000298023224,0.20000000298023224
\x9f\xa4\xac\n\n#TrumpVirus,OTHER,0.030903443694114685,-0.20000000298023224,0.20000000298023224
Typ\xe2\x80\xa6,OTHER,0.01916692592203617,-0.20000000298023224,0.20000000298023224
@BrendanBuck #TrumpKnew,OTHER,0.24051156640052795,0.0,0.0
Covid-19,OTHER,0.22183482348918915,0.0,0.0
&amp,OTHER,0.14868497848510742,0.0,0.10000000149011612
#Vote https://t.co/pRJBMTIVqx,OTHER,0.06671291589736938,-0.30000001192092896,0.6000000238418579
fundraisers,EVENT,0.04816081002354622,-0.10000000149011612,0.10000000149011612
virus,OTHER,0.04477124288678169,-0.800000011920929,0.800000011920929
normality,OTHER,0.04477124288678169,-0.20000000298023224,0.20000000298023224
impression,OTHER,0.04061587527394295,-0.20000000298023224,0.20000000298023224
camp,LOCATION,0.033541489392519,-0.10000000149011612,0.10000000149011612
AF1,ORGANIZATION,0.028953198343515396,-0.10000000149011612,0.10000000149011612
ppl,ORGANIZATION,0.028953198343515396,-0.20000000298023224,0.20000000298023224
#MAGA2020,OTHER,0.023831738159060478,-0.4000000059604645,0.4000000059604645
Biden,PERSON,0.019887063652276993,-0.20000000298023224,0.20000000298023224
Mon,PERSON,0.008769864216446877,0.4000000059604645,0.4000000059604645
b'RT @TheBosha,OTHER,0.2894904613494873,0.0,0.0
Justice,OTHER,0.19471371173858643,0.0,0.0
man,PERSON,0.13687333464622498,0.0,0.0
world,LOCATION,0.13530389964580536,0.0,0.0
researchers,PERSON,0.12623456120491028,0.10000000149011612,0.10000000149011612
Cornell University,ORGANIZATION,0.07641758769750595,0.0,0.0
\x80\x98single lar\xe2\x80\xa6,OTHER,0.040966443717479706,0.10000000149011612,0.10000000149011612
b'RT @DrDenaGrayson,OTHER,0.5385298728942871,-0.20000000298023224,0.5
The Trump WH,ORGANIZATION,0.16359230875968933,-0.699999988079071,0.699999988079071
communication,OTHER,0.09256813675165176,-0.6000000238418579,0.6000000238418579
\x80\x99ve,OTHER,0.05976957082748413,-0.10000000149011612,0.10000000149011612
HIM,OTHER,0.05958515778183937,-0.20000000298023224,0.20000000298023224
#coronavirus.\n\nVOTE,OTHER,0.03588460013270378,-0.20000000298023224,0.20000000298023224
\x9f\xa4\xac\n\n#TrumpVirus,OTHER,0.030903443694114685,-0.20000000298023224,0.20000000298023224
Typ\xe2\x80\xa6,OTHER,0.01916692592203617,-0.20000000298023224,0.20000000298023224
b'RT @LVNancy,OTHER,0.28425857424736023,0.0,0.0
@RealSteveCox,PERSON,0.12900477647781372,0.0,0.0
@pinkk9lover,PERSON,0.11386722326278687,0.0,0.0
@AppSame @KaraMar111,OTHER,0.07863447815179825,0.0,0.0
@JoanneWT09,OTHER,0.07863447815179825,0.0,0.0
@AZKAYTE,OTHER,0.07863447815179825,0.0,0.0
@ROCKONOHIO,OTHER,0.07769574224948883,0.0,0.0
@gr8tjude_08,OTHER,0.07228853553533554,0.0,0.0
M\xe2\x80\xa6,OTHER,0.03851821646094322,0.0,0.0
@1911_goz,OTHER,0.02423175424337387,0.0,0.0
@Real_G2DAZ @VFL2013,OTHER,0.02423175424337387,0.0,0.0
b'RT @jbm32753,OTHER,0.3837969899177551,0.0,0.0
BumpUp #646\n#BidenHarris\n\n@JoeBiden,OTHER,0.1568477749824524,0.0,0.0
\x9f\x87\xba,OTHER,0.1306096613407135,0.0,0.10000000149011612
\x9f\x87\xb8,OTHER,0.12326718866825104,0.0,0.0
\x9f\x87\xb8\n@laurencerosenz3,OTHER,0.07597120851278305,0.0,0.0
n@AnthropoceneM\n@doxie53,OTHER,0.07597120851278305,0.0,0.0
\x80\xa6,OTHER,0.05353595316410065,0.0,0.0
b'Please,PERSON,0.5937034487724304,0.4000000059604645,0.4000000059604645
fun,OTHER,0.29965484142303467,0.8999999761581421,0.8999999761581421
#vote,OTHER,0.10664169490337372,0.0,0.0
@davidaxelrod @POTUS #TrumpKnew,OTHER,0.2779681980609894,0.0,0.0
&amp,OTHER,0.17184078693389893,0.0,0.10000000149011612
Covid-19,OTHER,0.10064540058374405,0.0,0.0
#Vote https://t.co/pRJBMTIVqx,OTHER,0.07710261642932892,-0.30000001192092896,0.6000000238418579
fundraisers,EVENT,0.05566124990582466,-0.10000000149011612,0.10000000149011612
virus,OTHER,0.051743797957897186,-0.800000011920929,0.800000011920929
normality,OTHER,0.051743797957897186,-0.20000000298023224,0.20000000298023224
impression,OTHER,0.04694128409028053,-0.20000000298023224,0.20000000298023224
camp,LOCATION,0.03876515477895737,-0.10000000149011612,0.10000000149011612
AF1,ORGANIZATION,0.033462293446063995,-0.10000000149011612,0.10000000149011612
ppl,ORGANIZATION,0.033462293446063995,-0.20000000298023224,0.20000000298023224
#MAGA2020,OTHER,0.02754323184490204,-0.4000000059604645,0.4000000059604645
Biden,PERSON,0.022984223440289497,-0.20000000298023224,0.20000000298023224
Mon,PERSON,0.010135659947991371,0.4000000059604645,0.4000000059604645
b'RT @OurProgressive,OTHER,0.4720706343650818,0.0,0.0
win,OTHER,0.2172824591398239,0.20000000298023224,0.20000000298023224
\x80\x99t #Vote,OTHER,0.1290299892425537,0.0,0.0
tweets,WORK_OF_ART,0.07405146956443787,0.0,0.0
Facebook,OTHER,0.043999772518873215,0.0,0.0
matter,OTHER,0.03270414471626282,0.10000000149011612,0.10000000149011612
\x80\xa6,OTHER,0.030861545354127884,0.0,0.0
\x9f\x92\x9d\n\xe2\x9c\x8a\xf0\x9f\x8f\xbe,OTHER,0.2502215802669525,0.0,0.0
\x9c\x8a\xf0\x9f\x8f\xbc,OTHER,0.17388872802257538,0.0,0.0
\x9c\x8a\xf0\x9f\x8f\xbf,OTHER,0.16003751754760742,0.0,0.0
TeamEspy #VoteBlue2020,OTHER,0.13797293603420258,0.0,0.0
\x9c\x8a\xf0\x9f\x8f\xbd #Mississippi #vote,OTHER,0.13797293603420258,0.0,0.0
\x9f\x97\xb3#FlipTheSenateBlue https://t.co/4pTO2orCms,OTHER,0.08579396456480026,0.0,0.0
\x9c\x8a\xf0\x9f\x8f\xbb,ORGANIZATION,0.05411234498023987,0.0,0.0
b'RT @ShannonSharpe,OTHER,0.7684145569801331,0.0,0.0
Club Shay Shay,PERSON,0.07635194808244705,0.0,0.0
Some,PERSON,0.055764906108379364,0.0,0.0
I.D Dwight,PERSON,0.05250635743141174,0.0,0.0
\x80\x99t,OTHER,0.030666140839457512,0.20000000298023224,0.20000000298023224
\x80\xa6,OTHER,0.01629609614610672,0.10000000149011612,0.10000000149011612
b,OTHER,0.6331377029418945,0.0,0.0
VOTE,OTHER,0.2679676413536072,0.10000000149011612,0.10000000149011612
VoteGOPOut https://t.co/ZSVTrXyHmy,OTHER,0.0988946482539177,0.0,0.0
RT @adjunctprofesor,OTHER,0.2912988066673279,0.0,0.0
flags,OTHER,0.19326965510845184,0.0,0.0
interstate,OTHER,0.13316702842712402,0.0,0.0
nSaturday,OTHER,0.08111784607172012,0.0,0.0
nIt,ORGANIZATION,0.08015189319849014,0.0,0.0
\nFor,PERSON,0.07458679378032684,0.0,0.0
nSee,OTHER,0.056539542973041534,0.0,0.0
\x80\xa6,OTHER,0.03978627920150757,0.10000000149011612,0.10000000149011612
@POTUS,OTHER,0.02504107356071472,0.0,0.0
@FLOTUS,OTHER,0.02504107356071472,0.0,0.0
b'RT @deanofdublin,OTHER,0.4166352450847626,0.0,0.0
will,OTHER,0.27642732858657837,-0.10000000149011612,0.10000000149011612
recovery,EVENT,0.09351099282503128,0.800000011920929,0.800000011920929
episode,WORK_OF_ART,0.06586267054080963,0.6000000238418579,0.6000000238418579
COVID19.\n\nBut,OTHER,0.051823608577251434,0.6000000238418579,0.6000000238418579
\x80\x94this,OTHER,0.03915710374712944,0.5,0.5
mistake,OTHER,0.0291111022233963,0.30000001192092896,0.30000001192092896
\x80\xa6,OTHER,0.02747192606329918,0.5,0.5
disregard,OTHER,0.48212966322898865,-0.8999999761581421,0.8999999761581421
supporters,PERSON,0.1533157229423523,-0.10000000149011612,0.10000000149011612
anyone,PERSON,0.1190604418516159,0.0,0.0
virus,OTHER,0.10638129711151123,-0.8999999761581421,0.8999999761581421
fundraiser,EVENT,0.10512465983629227,-0.10000000149011612,0.10000000149011612
answer,OTHER,0.01903829537332058,0.20000000298023224,0.20000000298023224
TrumpKnewAndDidNothing \n#VoteBidenHarris2020 #VOTE https://t.co/X0qFfww0u3,OTHER,0.014949927106499672,0.10000000149011612,0.10000000149011612
b'RT @MaryLTrump,OTHER,0.4229132831096649,0.0,0.0
profit,OTHER,0.2963619530200958,-0.10000000149011612,0.10000000149011612
death,EVENT,0.19237211346626282,-0.10000000149011612,0.10000000149011612
fact,OTHER,0.06070474907755852,-0.30000001192092896,0.30000001192092896
\x80\xa6,OTHER,0.027647892013192177,-0.20000000298023224,0.20000000298023224
b'RT @Wolfiesmom,OTHER,0.40237680077552795,0.10000000149011612,0.10000000149011612
piece,OTHER,0.19024686515331268,-0.800000011920929,0.800000011920929
vermin,OTHER,0.17545950412750244,-0.699999988079071,0.699999988079071
Kentucky,ORGANIZATION,0.16607142984867096,0.20000000298023224,0.20000000298023224
country,LOCATION,0.06584540009498596,0.10000000149011612,0.10000000149011612
b'Win,PERSON,0.578717827796936,0.0,0.0
Senate.\n#VOTE \n#VoteEarly \n\nPence,OTHER,0.15841910243034363,-0.5,0.5
debate,OTHER,0.14208054542541504,0.0,0.0
VP,PERSON,0.12078254669904709,0.0,0.0
b'RT @ybarrap,OTHER,0.409660279750824,0.0,0.0
\n\nTrump,ORGANIZATION,0.22764801979064941,-0.10000000149011612,0.10000000149011612
leak,EVENT,0.1338222622871399,-0.4000000059604645,0.4000000059604645
Coneley,PERSON,0.11362095177173615,-0.5,0.5
\x80\xa6,OTHER,0.05648621544241905,-0.10000000149011612,0.10000000149011612
Fri,OTHER,0.035571739077568054,-0.20000000298023224,0.20000000298023224
Biden\nBiden,PERSON,0.023190518841147423,-0.10000000149011612,0.10000000149011612
b,OTHER,0.23627735674381256,-0.20000000298023224,0.20000000298023224
\x80\x99t,OTHER,0.2018767148256302,-0.20000000298023224,0.4000000059604645
yrs,OTHER,0.10733064264059067,-0.10000000149011612,0.10000000149011612
disaster,OTHER,0.10160940140485764,-0.800000011920929,1.600000023841858
\x80,OTHER,0.07685291022062302,-0.10000000149011612,0.20000000298023224
job,OTHER,0.05972018092870712,-0.20000000298023224,0.20000000298023224
handling,OTHER,0.05972018092870712,-0.699999988079071,0.699999988079071
@realDonaldTrump,OTHER,0.05640280619263649,0.0,0.0
recession,EVENT,0.04522164538502693,-0.800000011920929,0.800000011920929
CoronavirusPandemic,PERSON,0.035584572702646255,-0.10000000149011612,0.10000000149011612
#BidenHarrisToSaveAmerica,PERSON,0.010328687727451324,0.0,0.0
BidenHarrisLandslide https://t.co/wBAKqDW9Fb,OTHER,0.009074891917407513,0.0,0.0
b'RT @HenryLaLa312,OTHER,0.42298197746276855,0.0,0.0
@CaptMarkKelly @SaraGideon @Hickenlooper @harrisonjaime,OTHER,0.1790418177843094,0.0,0.0
@GreenfieldIowa,OTHER,0.1767749786376953,0.0,0.0
FlipTheSenateBlue #Vote @AmyMcGrathKY,OTHER,0.12173929065465927,0.0,0.0
\x80\xa6,OTHER,0.060965873301029205,0.0,0.0
@CalforNC,OTHER,0.03849606588482857,0.0,0.0
@GovChristie,OTHER,0.4090968668460846,0.0,0.0
VoteReady #VoteEarly #VOTE,OTHER,0.16715720295906067,0.0,0.0
VoteBlueToSaveAmerica\n#VoteBidenHarris2020,PERSON,0.12790147960186005,0.0,0.0
GOP,ORGANIZATION,0.11913689225912094,0.0,0.0
RoseGardenMassacre #TrumpCovid\n#SuperSpreader,PERSON,0.11774298548698425,0.0,0.0
VoteBlue2020 https://t.co/CV4Z8xHq0n,OTHER,0.0589645616710186,0.0,0.0
b'RT @susaneisenberg1,OTHER,0.24214573204517365,0.0,0.0
masks,OTHER,0.18391144275665283,0.0,0.0
Ollie,PERSON,0.17504410445690155,-0.30000001192092896,0.8999999761581421
walk,EVENT,0.1601610779762268,0.0,0.0
people,PERSON,0.11145370453596115,0.4000000059604645,0.4000000059604645
number,OTHER,0.11145370453596115,0.800000011920929,0.800000011920929
\x80\xa6,OTHER,0.01583023928105831,-0.6000000238418579,0.6000000238418579
permission,OTHER,0.6830348372459412,-0.20000000298023224,0.5
people,PERSON,0.09532653540372849,-0.30000001192092896,0.30000001192092896
crimes,OTHER,0.06645876169204712,-0.8999999761581421,0.8999999761581421
humanity,PERSON,0.06645876169204712,-0.30000001192092896,0.30000001192092896
eyes,OTHER,0.04658746346831322,-0.20000000298023224,0.20000000298023224
government coverup,OTHER,0.02616807632148266,-0.6000000238418579,0.6000000238418579
#vote,OTHER,0.01596556045114994,0.0,0.0
b'RT @AmyMcGrathKY,OTHER,0.3531915545463562,0.0,0.0
vote,OTHER,0.23755957186222076,0.0,0.0
supremacy,OTHER,0.16507691144943237,-0.6000000238418579,0.6000000238418579
Mitch\,PERSON,0.12527093291282654,-0.30000001192092896,0.30000001192092896
allies,ORGANIZATION,0.05292295292019844,0.0,0.0
Kentucky,LOCATION,0.03445389121770859,0.0,0.0
\x80\x99s,CONSUMER_GOOD,0.031524188816547394,0.0,0.0
@RyanLizza Grasslet,PERSON,0.660896360874176,-0.10000000149011612,0.20000000298023224
MoscowMitch,PERSON,0.24122095108032227,0.0,0.10000000149011612
\x80\x99t,OTHER,0.054408952593803406,0.0,0.0
ACBConfirmation \nThis,OTHER,0.026528118178248405,-0.30000001192092896,0.30000001192092896
#vote,OTHER,0.016945647075772285,0.0,0.0
daughter,PERSON,0.3757108151912689,0.0,0.0
RT @TrumpluvsObama: OMG,WORK_OF_ART,0.3120168149471283,-0.10000000149011612,0.10000000149011612
life,OTHER,0.14432494342327118,-0.10000000149011612,0.10000000149011612
FFS KellyAnne,OTHER,0.12567441165447235,-0.10000000149011612,0.10000000149011612
emancipation,OTHER,0.021801212802529335,0.0,0.0
\x80\xa6,OTHER,0.020471805706620216,0.0,0.0
b'RT @sanosbo1,OTHER,0.418398916721344,0.0,0.0
anyone,PERSON,0.28595778346061707,0.0,0.0
Barr,PERSON,0.1243031919002533,0.0,0.0
Rudy,PERSON,0.12286075204610825,0.0,0.0
Covid #Resist #Vote,OTHER,0.0484793595969677,0.0,0.0
election,EVENT,0.8636191487312317,0.0,0.0
#Vote,OTHER,0.1363808661699295,0.0,0.0
b,OTHER,0.7855958938598633,0.0,0.0
Vote #BidenHarris2020 https://t.co/yFsolESp0c,OTHER,0.21440409123897552,0.0,0.0
b'RT @MaryLTrump,OTHER,0.6581838726997375,-0.20000000298023224,1.0
sympathy,OTHER,0.11824885755777359,0.10000000149011612,0.10000000149011612
empathy,OTHER,0.11824885755777359,-0.10000000149011612,0.10000000149011612
despair,OTHER,0.08119165152311325,-0.699999988079071,0.699999988079071
li\xe2\x80\xa6,OTHER,0.02412676066160202,-0.20000000298023224,0.20000000298023224
b,OTHER,0.6804254055023193,0.10000000149011612,0.10000000149011612
VoteThemAllOut2020 \n#GOPSuperSpreaders,PERSON,0.1372758001089096,0.10000000149011612,0.10000000149011612
#vote,OTHER,0.11206544190645218,0.10000000149011612,0.10000000149011612
BidenHarrisToSaveAmerica https://t.co/UkC40C8COL,OTHER,0.07023332267999649,0.10000000149011612,0.10000000149011612
